name,id,cityId,url,cityClassification,image,products
Adilabad,3c86c8509186eb4d605e,61abf974cbf3b748eaa3,adilabad,2,,"['buy', 'plots', 'commercial', 'rent']"
Agra,ed45fcbe051c69e42fdb,f6382968b4ba6805e369,agra_uttar_pradesh,2,,"['buy', 'plots', 'commercial', 'paying_guest', 'rent']"
Aizawl,f9752e5c20774046d53b,f679807d54cc8bf317a9,aizawl,2,,"['buy', 'plots', 'commercial', 'rent']"
Ajmer,f867457808450681c128,08a4a5ef266b322b8937,ajmer,2,,"['buy', 'plots', 'commercial', 'rent']"
Akola,bfcdbd0e4255aa597c77,4640887c4a84b0bcc6ca,akola,2,,"['buy', 'plots', 'commercial', 'rent']"
Alappuzha,be7cf6f2798d7d05ed4d,2160b6c16b21b2f81957,alappuzha,2,,"['buy', 'plots', 'commercial', 'rent']"
Aligarh,71adbb3cc1a33734460c,83e2376b38cfad4ae10a,aligarh,2,,"['buy', 'plots', 'commercial', 'rent']"
Alipurduar,bdba1f0258e66b15092a,36edcc8dc213f06c392a,alipurduar,2,,"['buy', 'plots', 'commercial', 'rent']"
Alirajpur,0fd8aebfca97e273aacd,36336eaab46e8ef06ce1,alirajpur,2,,"['buy', 'plots', 'commercial', 'rent']"
Almora,24b8ca90b238f6525c16,96012253cdc730b6110e,almora_1,2,,"['buy', 'plots', 'commercial', 'rent']"
Alwar,f52fdf80cea123324ced,9d4cdb7170167aca8bfd,alwar_rajasthan,2,,"['buy', 'plots', 'commercial', 'rent']"
Ambala,8565c8dca781bab85ef7,a794c1a12099687c22dd,ambala,2,,"['buy', 'plots', 'commercial', 'rent']"
Ambedkar Nagar,4bdae37dcc8845dbdbb6,,ambedkar_nagar,2,,"['buy', 'plots', 'commercial', 'rent']"
Amethi,2efc53e55e4ab314f8a6,05766115c1f639be9f0c,amethi,2,,"['buy', 'plots', 'commercial', 'rent']"
Amravati,0ad347c32204981ab390,c3d3f97c90d3b51b9ea8,amravati,2,,"['buy', 'plots', 'commercial', 'rent']"
Amreli,e3bd989f3eabe0a038e9,749728db4962dab2ab72,amreli_gujarat,2,,"['buy', 'plots', 'commercial', 'rent']"
Amritsar,ea751ce514e0b4e1ea5e,50600fdbb324ad585350,amritsar,2,,"['buy', 'plots', 'commercial', 'rent']"
Amroha,482198f30d06281a7b76,a8263efe6f154b2a2775,amroha,2,,"['buy', 'plots', 'commercial', 'rent']"
Anand,db1767c98d80b123b182,71565ba2014e663d91f3,anand,2,,"['buy', 'plots', 'commercial', 'rent']"
Anantapur,76cffa4455a0f8a085f8,399ed3281089c9ef9656,anantapur_andhra_pradesh,2,,"['buy', 'plots', 'commercial', 'rent']"
Anantnag,69a9093dd500000f1b3e,,anantnag,2,,"['buy', 'plots', 'commercial', 'rent']"
Anuppur,cbdd6cedc6e342216e99,cd35c85fd560801b9a92,anuppur_madhya_pradesh,2,,"['buy', 'plots', 'commercial', 'rent']"
Araria,53ad5eed6fb5830ea9d0,6530206d200db36eb189,araria,2,,"['buy', 'plots', 'commercial', 'rent']"
Aravalli,be5665999ab4c3b3d2fb,,aravalli,2,,"['buy', 'plots', 'commercial', 'rent']"
Ariyalur,b03c175a7fd18230a649,14a7ae2d0e8c23939fe0,ariyalur,2,,"['buy', 'plots', 'commercial', 'rent']"
Arwal,a0349a99f2e2f9a58373,3996e5aa7bbe9aaa81eb,arwal,2,,"['buy', 'plots', 'commercial', 'rent']"
Ashoknagar,e7c3dcd059c585555995,8d66f9a6d07f97cf2cb9,ashoknagar,2,,"['buy', 'plots', 'commercial', 'rent']"
Auraiya,3e1d9a9a80ecb21f530e,9fe38972313a9f30e7a3,auraiya,2,,"['buy', 'plots', 'commercial', 'rent']"
Aurangabad,f418461659facff158dd,2603bd53c6b10a06c3e5,aurangabad_maharashtra,2,,"['buy', 'plots', 'commercial', 'rent']"
Azamgarh,5554518b1704191a98cf,d0392c6745ebcdc53d92,azamgarh,2,,"['buy', 'plots', 'commercial', 'rent']"
Badgam,b51f01360a96fdba60a3,26f7d75354aadae8fae4,badgam,2,,"['buy', 'plots', 'commercial', 'rent']"
Bageshwar,cd0c0d6345e0ea48b608,44d79bc8ab714cb884f1,bageshwar,2,,"['buy', 'plots', 'commercial', 'rent']"
Baghpat,4c75b22b7e5635005553,e72141c431e346aa93a8,baghpat,2,,"['buy', 'plots', 'commercial', 'rent']"
Bahraich,cf35f3778a08716908fc,3d175a8464e20a186cb6,bahraich,2,,"['buy', 'plots', 'commercial', 'rent']"
Baksa,fc377d94943aa18f5046,57b4442b566b5e938757,baksa,2,,"['buy', 'plots', 'commercial', 'rent']"
Balaghat,823d6da034d6bbedcb1e,e03dbe0f81df8404986e,balaghat,2,,"['buy', 'plots', 'commercial', 'rent']"
Balangir,95d4790746d1b8ba0a86,462760472b116a8dee02,balangir,2,,"['buy', 'plots', 'commercial', 'rent']"
Ballia,93c4782d7d685d069f62,ab95d0723419c3296d62,ballia,2,,"['buy', 'plots', 'commercial', 'rent']"
Balod,bf12a134d310cf84c389,62214d8ed6c1c11307d0,balod,2,,"['buy', 'plots', 'commercial', 'rent']"
Baloda Bazar,bc5e5e75c3d609f47e36,6838edba82e6a62d3634,baloda_bazar,2,,"['buy', 'plots', 'commercial', 'rent']"
Balrampur,20c1977bfee7043bd6a5,e348da5241b0f8907acf,balrampur,2,,"['buy', 'plots', 'commercial', 'rent']"
Banda,aa2ac09a6254f37606cc,2fbafde082c135ae09a1,banda,2,,"['buy', 'plots', 'commercial', 'rent']"
Banka,48eb2aeab42210dbdbbc,17a4fc72a8744c7b88c1,banka,2,,"['buy', 'plots', 'commercial', 'rent']"
Bankura,2c0abb9887bf4f98e4b2,5e3c743ca0eecbb8a139,bankura,2,,"['buy', 'plots', 'commercial', 'rent']"
Banswara,77b4a80595414e58bb56,9170d6450c7b844ac735,banswara,2,,"['buy', 'plots', 'commercial', 'rent']"
Baran,2507257423a968cfd946,44565fde1c60f8143c56,baran,2,,"['buy', 'plots', 'commercial', 'rent']"
Bareilly,f1611cbc1d7917e28b04,a8209baeeb82d671df93,bareilly_uttar_pradesh,2,,"['buy', 'plots', 'commercial', 'rent']"
Bargarh,61f45d77d67fd223e284,,bargarh,2,,"['buy', 'plots', 'commercial', 'rent']"
Barmer,d2e196d0ce1ebbc1f22f,e0a0bb10c3741df36931,barmer_rajasthan,2,,"['buy', 'plots', 'commercial', 'rent']"
Barnala,7592921e77bb0a81c589,421fa051f04ff37196ed,barnala_1,2,,"['buy', 'plots', 'commercial', 'rent']"
Barpeta,3532bf7bd32f164e82ef,91fd346ffc82c3bd2901,barpeta,2,,"['buy', 'plots', 'commercial', 'rent']"
Barwani,35cea01fe2a67383b0cb,552f62ac0234346a38b1,barwani,2,,"['buy', 'plots', 'commercial', 'rent']"
Bastar,1259b24e1ec264f1ebcb,a644a9296b474ecd22c9,bastar,2,,"['buy', 'plots', 'commercial', 'rent']"
Basti,2861217cb93ab3beddc3,9c5c7c85f15d538e8987,basti,2,,"['buy', 'plots', 'commercial', 'rent']"
Bathinda,5432386645bc9eaca1e0,7d8f854a3e6dee8b8439,bathinda_punjab,2,,"['buy', 'plots', 'commercial', 'rent']"
Begusarai,9177cb41fe13901f61c7,bbef8dc289205f3e59a5,begusarai,2,,"['buy', 'plots', 'commercial', 'rent']"
Betul,88dc2ffbd7374d1cd295,4857842674be5c5d87d8,betul,2,,"['buy', 'plots', 'commercial', 'rent']"
Bhadohi,09e7101941028d3e31ac,d825de55789f37b3da15,bhadohi,2,,"['buy', 'plots', 'commercial', 'rent']"
Bhadrak,f661c3499180a5dd5ffc,fea215efeaa177724b70,bhadrak,2,,"['buy', 'plots', 'commercial', 'rent']"
Bhagalpur,7c5bea2205d1dc6534f8,0ccfb72e8bed3bb473d3,bhagalpur,2,,"['buy', 'plots', 'commercial', 'rent']"
Bhandara,aa72640187371e6edbdb,14b7daeea93dcfd50ed8,bhandara,2,,"['buy', 'plots', 'commercial', 'rent']"
Bharatpur,826fefd6389575d0ede4,37f05a90cb29509ee15f,bharatpur,2,,"['buy', 'plots', 'commercial', 'rent']"
Bharuch,c00d44b1bdda9c56ab74,36c36b93d0de86f62267,bharuch_india,2,,"['buy', 'plots', 'commercial', 'rent']"
Bhavnagar,edb029ab068df78c48ce,37570cba99f683132af5,bhavnagar_1,2,,"['buy', 'plots', 'commercial', 'rent']"
Bhilwara,25b731ec9092f999f5e1,6c17182e760d32ff7207,bhilwara,2,,"['buy', 'plots', 'commercial', 'rent']"
Bhind,63d9b5f3f2f0dda6b97f,312f469da7da7af1e6e3,bhind,2,,"['buy', 'plots', 'commercial', 'rent']"
Bhiwani,fceba977038325f7e543,25ea54667a33309075e0,bhiwani,2,,"['buy', 'plots', 'commercial', 'rent']"
Bhojpur,37b2c881760b59001544,,bhojpur,2,,"['buy', 'plots', 'commercial', 'rent']"
Bhopal,b16f5854a452e2896a36,b2d906a94967d41e1055,bhopal,2,,"['buy', 'plots', 'commercial', 'paying_guest', 'rent']"
Bidar,62ce4027d3f65f17002a,4a3fe175b46ef8edfad0,bidar,2,,"['buy', 'plots', 'commercial', 'rent']"
Bijapur,300e7b8ccb2e075d4133,5d59f8b83f9bd2afd7dc,bijapur,2,,"['buy', 'plots', 'commercial', 'rent']"
Bijnor,c306163564021297856d,5ebc753a2b86f57573a1,bijnor,2,,"['buy', 'plots', 'commercial', 'rent']"
Bikaner,b4bf7478bfe98473838f,4c33878dbbe80114a914,bikaner,2,,"['buy', 'plots', 'commercial', 'rent']"
Bilaspur,d905f046cd021f5a3eac,34bb3af94740302c373b,bilaspur,2,,"['buy', 'plots', 'commercial', 'rent']"
Birbhum,6d2fea31fd1b6ebbbec3,ce989eb1eb689ea23493,birbhum,2,,"['buy', 'plots', 'commercial', 'rent']"
Bishnupur,ab89de7f6c873e818bb4,,bishnupur,2,,"['buy', 'plots', 'commercial', 'rent']"
Bokaro,d19c714e0ff3fb816465,8b277d901edd0725891b,bokaro_1,2,,"['buy', 'plots', 'commercial', 'rent']"
Bongaigaon,dcd1cfc7e1394164959f,7d7bedbc07d9728cf1a7,bongaigaon,2,,"['buy', 'plots', 'commercial', 'rent']"
Botad,de5e1b68d78e56ad4190,6fe35bee18b2a2e332c1,botad,2,,"['buy', 'plots', 'commercial', 'rent']"
Budaun,48109ea5251388320aaf,26350d5b967566383f03,budaun,2,,"['buy', 'plots', 'commercial', 'rent']"
Bulandshahr,77de75e8d03c4e18a6f3,69069f2043030ed3cf41,bulandshahr_uttar_pradesh,2,,"['buy', 'plots', 'commercial', 'rent']"
Bundi,c82fbf19c7236ec41c9d,01e78f0fac16120cf189,bundi,2,,"['buy', 'plots', 'commercial', 'rent']"
Burhanpur,05562aaaead611be1605,e4935763830de982299a,burhanpur,2,,"['buy', 'plots', 'commercial', 'rent']"
Buxar,0bea1d43b79f9e25797a,15f3d3c9868a87694b62,buxar,2,,"['buy', 'plots', 'commercial', 'rent']"
Cachar,e0fbfea1dfcdaf36cdce,,cachar,2,,"['buy', 'plots', 'commercial', 'rent']"
Chamba,0c325118937148b6df85,0cddec29a39c4a9e1ba8,chamba_district,2,,"['buy', 'plots', 'commercial', 'rent']"
Chamoli,bfa4883b1a90b174d9b0,c88cc2ddb7f5e86e91d1,chamoli,2,,"['buy', 'plots', 'commercial', 'rent']"
Champawat,4638ae82dd7ed4c14a78,12db2d84cc0b849014c3,champawat,2,,"['buy', 'plots', 'commercial', 'rent']"
Champhai,60b082d1278200f63bbd,1c2bdf6794b7d9be7353,champhai,2,,"['buy', 'plots', 'commercial', 'rent']"
Chandel,623545260e244c9225b5,,chandel,2,,"['buy', 'plots', 'commercial', 'rent']"
Chandigarh,8678f1084c28393785d5,6af780e1a8544e5bb254,chandigarh_india,2,,"['buy', 'plots', 'commercial', 'paying_guest', 'rent']"
Chandrapur,a6e30df41b36f1739dbe,4064467b8ab1aa5740bc,chandrapur,2,,"['buy', 'plots', 'commercial', 'rent']"
Changlang,19957051b8daa713fee6,,changlang,2,,"['buy', 'plots', 'commercial', 'rent']"
Chatra,194638499193998d9cad,,chatra,2,,"['buy', 'plots', 'commercial', 'rent']"
Chhatarpur,dc477618de6ad80f60ef,b4ba31fd25d338608fa1,chhatarpur,2,,"['buy', 'plots', 'commercial', 'rent']"
Chhindwara,8c9869bc0b56ad6316c4,6529a41e3cf9d36fcb7a,chhindwara,2,,"['buy', 'plots', 'commercial', 'rent']"
Chirang,bf66df810aa3e86b3878,7d7bedbc07d9728cf1a7,chirang,2,,"['buy', 'plots', 'commercial', 'rent']"
Chitradurga,33bb2bc9b75176faf1cd,cd11c4b68ea3cab05033,chitradurga,2,,"['buy', 'plots', 'commercial', 'rent']"
Chitrakoot,de860560181eda1d10f2,,chitrakoot,2,,"['buy', 'plots', 'commercial', 'rent']"
Chittoor,5c27ebbf1a5029ce7875,e9055d2e108cfea97027,chittoor,2,,"['buy', 'plots', 'commercial', 'rent']"
Churachandpur,7d825628c379143a2891,369b6d8e48a4a5bc8964,churachandpur,2,,"['buy', 'plots', 'commercial', 'rent']"
Churu,052f702a3b3cc801bfcc,fd7971d8f7dd2133fcb5,churu,2,,"['buy', 'plots', 'commercial', 'rent']"
Coimbatore,60b8ccfaa32e72861ec1,6d951045a610d7ad8016,coimbatore,2,,"['buy', 'plots', 'commercial', 'paying_guest', 'rent']"
Cooch Behar,162c291a1fc184fd3aac,16f6d42bef4e2a5ed4c3,cooch_behar,2,,"['buy', 'plots', 'commercial', 'rent']"
Cuddalore,f5ed62f24a8fc75e5a68,32da588a55bbd917d6c5,cuddalore,2,,"['buy', 'plots', 'commercial', 'rent']"
Cuttack,e50edf6fae1ffd146980,1f5071ad17c0fedab010,cuttack_1,2,,"['buy', 'plots', 'commercial', 'rent']"
Cuttack,c7f37fa3a7d59dfb3cd5,1f5071ad17c0fedab010,cuttack,2,,"['buy', 'plots', 'commercial', 'rent']"
Dakshin Dinajpur,f08ffe12e17ac0fbe907,6454ee84111b085b2743,dakshin_dinajpur,2,,"['buy', 'plots', 'commercial', 'rent']"
Dakshina Kannada,95c0035a957d31eb4e31,,dakshina_kannada,2,,"['buy', 'plots', 'commercial', 'rent']"
Daman,81e33c7d065828553b3a,805bf9eedba2ff1ebd70,daman_gujarat,2,,"['buy', 'plots', 'commercial', 'rent']"
Damoh,a5058c11ff29f844fc43,c5aa17681a95087fe91f,damoh,2,,"['buy', 'plots', 'commercial', 'rent']"
Darbhanga,17dc31227ed036e79921,6bf0a845a9e852982f07,darbhanga,2,,"['buy', 'plots', 'commercial', 'rent']"
Darrang,1fc0e39709a5d8f3098d,419d450ae43638ac31bc,darrang,2,,"['buy', 'plots', 'commercial', 'rent']"
Datia,749b52707a496013689f,c2398659e9cfa2e89ac8,datia,2,,"['buy', 'plots', 'commercial', 'rent']"
Dausa,05daca4bebb379dc4694,91ac34a0a2b47d7d66c1,dausa_rajasthan,2,,"['buy', 'plots', 'commercial', 'rent']"
Davanagere,684d02ce74c1a7e4d7e1,eb0de57e125628bc4896,davanagere,2,,"['buy', 'plots', 'commercial', 'rent']"
Dehradun,b66a370b9ac779da4a0c,dd2805f42dcd7ef6931e,dehradun,2,,"['buy', 'plots', 'commercial', 'paying_guest', 'rent']"
Deoghar,26cc8a5f29635748cf8c,185896de29da25d95b75,deoghar,2,,"['buy', 'plots', 'commercial', 'rent']"
Deoria,d962741f6b26d23486c6,ed516b385a460ffd582d,deoria,2,,"['buy', 'plots', 'commercial', 'rent']"
Dewas,7c742ab99f041abdbd41,1e4d5e63a9b1ae8a750f,dewas,2,,"['buy', 'plots', 'commercial', 'rent']"
Dhalai,ed4823e12e0e786a3c04,f2979fcc9f85159edac8,dhalai,2,,"['buy', 'plots', 'commercial', 'rent']"
Dhamtari,79456dd69fd297d2f393,a63e366e8b6bbe50fba5,dhamtari,2,,"['buy', 'plots', 'commercial', 'rent']"
Dhanbad,44ab8c00a9f4b3a0c42e,24b31d49ab6c9faf99f3,dhanbad,2,,"['buy', 'plots', 'commercial', 'rent']"
Dhar,2aac6ea19dc3132af1d8,587c8b8930f186266f74,dhar,2,,"['buy', 'plots', 'commercial', 'rent']"
Dharmapuri,0e423e8582e3541073c0,0e1dae4c81bf91d7fbe6,dharmapuri,2,,"['buy', 'plots', 'commercial', 'rent']"
Dharwad,1f1c7eda5a4ec37e4e94,3e3e3df0b58f844a1035,dharwad,2,,"['buy', 'plots', 'commercial', 'rent']"
Dhemaji,de82a7b84709e0f9b04a,7eeb4331a7931481202c,dhemaji,2,,"['buy', 'plots', 'commercial', 'rent']"
Dhenkanal,d8418dda7b9caa86b03c,387be4ea4c391551cc58,dhenkanal,2,,"['buy', 'plots', 'commercial', 'rent']"
Dhubri,3db1040fce9543776b44,22b140409317b9199350,dhubri,2,,"['buy', 'plots', 'commercial', 'rent']"
Dhule,bb873f245545c0f2a0d0,8dfb6f9f7d2d8ca4b8c6,dhule,2,,"['buy', 'plots', 'commercial', 'rent']"
Dibrugarh,cc4e1e824deaccf13921,65549d96b7cb94dbafb7,dibrugarh,2,,"['buy', 'plots', 'commercial', 'rent']"
Dima Hasao,64961d650cd6f7fbacbf,,dima_hasao,2,,"['buy', 'plots', 'commercial', 'rent']"
Dimapur,36d4c781b48838b2b82d,fd348d6b7895b8731ee0,dimapur,2,,"['buy', 'plots', 'commercial', 'rent']"
Dindigul,170dc1ebadcb9f678edf,1fb9d66f72c5c41e7259,dindigul,2,,"['buy', 'plots', 'commercial', 'rent']"
Dindori,523c4e24b78bfdc7284a,e0153a16c7d72b1ac54d,dindori,2,,"['buy', 'plots', 'commercial', 'rent']"
Diu,5ce1f1167101ea5034a3,2d5cbd718254a237dd1f,diu,2,,"['buy', 'plots', 'commercial', 'rent']"
Doda,a0963b904fc28fcabd23,7f134822855b86863cd4,doda,2,,"['buy', 'plots', 'commercial', 'rent']"
Dumka,8a6fef40bc2df7681209,b04bea6ef6d7ba09b3a4,dumka,2,,"['buy', 'plots', 'commercial', 'rent']"
Dungarpur,83f949053a2726631511,8dc2173a9f3efc87f4be,dungarpur,2,,"['buy', 'plots', 'commercial', 'rent']"
Durg,9da989181b37c4bda715,6167e3dd286220de62b4,durg_chhattisgarh,2,,"['buy', 'plots', 'commercial', 'rent']"
East Garo Hills,35f55823c33920b953ff,2faeef869dbf795c0f1c,east_garo_hills,2,,"['buy', 'plots', 'commercial', 'rent']"
East Godavari,1fd7389a08340d59bb58,,east_godavari,2,,"['buy', 'plots', 'commercial', 'rent']"
East Jaintia Hills,f6c8890740a22a2665c1,fecf6217d9f4bcd15b68,east_jaintia_hills,2,,"['buy', 'plots', 'commercial', 'rent']"
East Kameng,f0436f8be08b0846f1ff,6979c911f937bc129c6d,east_kameng_2,2,,"['buy', 'plots', 'commercial', 'rent']"
East Kameng,adbd1f2c88abd713a16b,6979c911f937bc129c6d,east_kameng,2,,"['buy', 'plots', 'commercial', 'rent']"
East Khasi Hills,1c02d2fec57b4d42bd89,,east_khasi_hills,2,,"['buy', 'plots', 'commercial', 'rent']"
East Siang,8a20a1748572cc16b9e8,d0c97c1617a1425ec671,east_siang,2,,"['buy', 'plots', 'commercial', 'rent']"
Ernakulam,996b957cc82ad84bedc0,cec25f89134d0604a10c,ernakulam,2,,"['buy', 'plots', 'commercial', 'rent']"
Etah,79e30d9011f7513a5497,a054c4a20f5b71c18c7c,etah,2,,"['buy', 'plots', 'commercial', 'rent']"
Etawah,d98bceb9226c2f19fc03,8b6e407c3ad80e49c142,etawah,2,,"['buy', 'plots', 'commercial', 'rent']"
Faizabad,1352450bb384822e7a8a,0d6753fac63e825d8fcd,faizabad,2,,"['buy', 'plots', 'commercial', 'rent']"
Faridabad,b19bc29408477e86c6fc,83ad92bd0696e4e5975b,faridabad,1,,"['buy', 'plots', 'commercial', 'paying_guest', 'rent']"
Faridkot,77bcd0b3ca8d3477df96,7c10728a22ca4acf7ad6,faridkot,2,,"['buy', 'plots', 'commercial', 'rent']"
Farrukhabad,858cd07f42b8b3f38191,6be3943623f6ed28bb9c,farrukhabad,2,,"['buy', 'plots', 'commercial', 'rent']"
Fatehabad,bb831f0313341073fcf6,005b17c6adf5cc451fa5,fatehabad,2,,"['buy', 'plots', 'commercial', 'rent']"
Fatehgarh Sahib,ad59a43fe0a0b3e9ad17,a9a57e143bd2d700ea18,fatehgarh_sahib,2,,"['buy', 'plots', 'commercial', 'rent']"
Fatehpur,a1f5c768198dd091ee60,e9954c3351cde963b68a,fatehpur,2,,"['buy', 'plots', 'commercial', 'rent']"
Fazilka,7018d6cc29f17cec643e,1125b41d34efe83c41a7,fazilka,2,,"['buy', 'plots', 'commercial', 'rent']"
Firozabad,ee3fe22a1db9b6c08888,d370491406b613be9dcc,firozabad,2,,"['buy', 'plots', 'commercial', 'rent']"
Firozpur,5915ccc5cf30133a640c,8ab86c1a4e980aa3ee6f,firozpur,2,,"['buy', 'plots', 'commercial', 'rent']"
Gadag,1269047a4e994c9a5613,737810ff6837fc83a83f,gadag,2,,"['buy', 'plots', 'commercial', 'rent']"
Gadchiroli,2815dc807b16158da62b,5e2e4210e3c5e706080b,gadchiroli,2,,"['buy', 'plots', 'commercial', 'rent']"
Gajapati,70d560ed1a28643d3561,e06d53b42b66b61d1e30,gajapati,2,,"['buy', 'plots', 'commercial', 'rent']"
Gandhinagar,1000d412f09a0d9ca6c2,bfe6ae3888c9d42f2caf,gandhinagar_gujarat,2,,"['buy', 'plots', 'commercial', 'paying_guest', 'rent']"
Ganjam,e57ce64b719353f36630,69e2e7d8227dae432a9d,ganjam,2,,"['buy', 'plots', 'commercial', 'rent']"
Garhwa,e692ce3fb838e6a2c816,527e6e32a4a9aa8f7e0c,garhwa,2,,"['buy', 'plots', 'commercial', 'rent']"
Gariaband,c175adb17c989645c85c,fce29f0e7c064f4f3889,gariaband,2,,"['buy', 'plots', 'commercial', 'rent']"
Gaya,f440a3065f9e3b2c8bf2,6e2361b2d3f1702dcff0,gaya,2,,"['buy', 'plots', 'commercial', 'rent']"
Ghaziabad,8740884d93d2ecc65f71,f8f7b7494372f34973ff,ghaziabad,1,,"['buy', 'plots', 'commercial', 'paying_guest', 'rent']"
Ghazipur,70ab4ee621df9f24b0fb,b56ee507432e76ff4481,ghazipur,2,,"['buy', 'plots', 'commercial', 'rent']"
Gir Somnath,43d4ca2190e6e00d67e9,096bf0b8c885b10a098b,gir_somnath,2,,"['buy', 'plots', 'commercial', 'rent']"
Giridih,e663cb3cc9b44a801141,b7f0772b324206f6a686,giridih,2,,"['buy', 'plots', 'commercial', 'rent']"
Goalpara,2c01586b0fef73881825,97d65975b17883dad773,goalpara,2,,"['buy', 'plots', 'commercial', 'rent']"
Godda,3dc1b980c9b1de7a4df0,a79726436dc667d9e986,godda,2,,"['buy', 'plots', 'commercial', 'rent']"
Golaghat,97ede27739547dd623fa,34a33558348c90810c25,golaghat,2,,"['buy', 'plots', 'commercial', 'rent']"
Gomati,4858708ea22558515f9f,c7ea83ad7a1ad66ac6b9,gomati,2,,"['buy', 'plots', 'commercial', 'rent']"
Gonda,987a5d0b7dbfcc21117d,29f58741c76c3963c500,gonda,2,,"['buy', 'plots', 'commercial', 'rent']"
Gopalganj,a0c1f50a1189a5206576,4f9a325dd285edb926ac,gopalganj,2,,"['buy', 'plots', 'commercial', 'rent']"
Gorakhpur,d2ea2ef26dbf33bfb8d0,197d4b0b2dc13f19c87a,gorakhpur_1,2,,"['buy', 'plots', 'commercial', 'rent']"
Gumla,30e774913511e3445555,3ad05721267becd5654c,gumla,2,,"['buy', 'plots', 'commercial', 'rent']"
Guna,7bcc9a14c71467bbe8ed,c5d76cc25d28636a7bbc,guna,2,,"['buy', 'plots', 'commercial', 'rent']"
Guntur,03569bea3a579bf36821,1b5224bd08213e6bcfe6,guntur_andhra_pradesh,2,,"['buy', 'plots', 'commercial', 'rent']"
Gurdaspur,e98f96f976c0223e0381,a35ebd8e0cfaa95ad65f,gurdaspur,2,,"['buy', 'plots', 'commercial', 'rent']"
Gwalior,505a5c4f0c610c105bad,4d989607fde8356b723c,gwalior,2,,"['buy', 'plots', 'commercial', 'rent']"
Hailakandi,587572c1189b6b42b4f0,a6f0b7591c2f11b3e3fd,hailakandi,2,,"['buy', 'plots', 'commercial', 'rent']"
Hamirpur,4b645620ca8f8d6acbd4,e4d206f1f0646d47fc79,hamirpur,2,,"['buy', 'plots', 'commercial', 'rent']"
Hanumangarh,b3645a7099f60f2c6354,05a77be0b4ec11fa2d04,hanumangarh_1,2,,"['buy', 'plots', 'commercial', 'rent']"
Hapur,9a66eeedea113d3ee464,c4f0f0c20e6b33ef2c39,hapur,2,,"['buy', 'plots', 'commercial', 'rent']"
Harda,91a58176931d59d6e8ba,4d4f94c1fd1b3d2c879b,harda,2,,"['buy', 'plots', 'commercial', 'rent']"
Hardoi,30f438b0341502d185cc,22d9333962a131f4d7d3,hardoi,2,,"['buy', 'plots', 'commercial', 'rent']"
Hassan,84c52b6f2a77a63dc015,efef9b106da5631cea12,hassan,2,,"['buy', 'plots', 'commercial', 'rent']"
Hathras,f514a8f187b2935c1c9b,5add3b3e95669514c76d,hathras,2,,"['buy', 'plots', 'commercial', 'rent']"
Haveri,fb309ee42910bf88bff5,2cb267ad8410744a36ef,haveri,2,,"['buy', 'plots', 'commercial', 'rent']"
Hazaribagh,f09feb036155decb6f01,bdfddffb5b87036a378e,hazaribagh,2,,"['buy', 'plots', 'commercial', 'rent']"
Hingoli,94d076af6716276782a0,00f27e54037f6e9656c4,hingoli,2,,"['buy', 'plots', 'commercial', 'rent']"
Hnahthial,df8dc393d62aa8ff693c,17dcd4158000cb8dcf95,hnahthial,2,,"['buy', 'plots', 'commercial', 'rent']"
Hojai,4b4571de6ba196ba3dc7,b2c3bb327d2b279a3bf6,hojai,2,,"['buy', 'plots', 'commercial', 'rent']"
Hoshangabad,6e98356f4d8815913258,4203880e78a9b8cad9ed,hoshangabad_1,2,,"['buy', 'plots', 'commercial', 'rent']"
Hoshiarpur,d3ea5c119d27c6dd6107,7e8359264a38be9e7ddb,hoshiarpur,2,,"['buy', 'plots', 'commercial', 'rent']"
Idukki,a2417e11430055966536,f7a32a5ece27f14cdfa2,idukki,2,,"['buy', 'plots', 'commercial', 'rent']"
Indore,03d6e2fba020d921c748,7bc37231414ee9d72d2e,indore,2,,"['buy', 'plots', 'commercial', 'paying_guest', 'rent']"
Jabalpur,984c6b0175f1daa2cba9,98247f463c2831fd10f4,jabalpur,2,,"['buy', 'plots', 'commercial', 'rent']"
Jaipur,9012656d290ec65ef174,4e4400cfc73f26c55466,jaipur_rajasthan,2,,"['buy', 'plots', 'commercial', 'paying_guest', 'rent']"
Jaisalmer,b9c294196350bebddb56,1a15794d9bda47d0da76,jaisalmer,2,,"['buy', 'plots', 'commercial', 'rent']"
Jalandhar,ea1b5e9aeed93b017277,c2e75df590c790e6fc2b,jalandhar_punjab,2,,"['buy', 'plots', 'commercial', 'rent']"
Jalaun,6938dacbbcc604da85db,11f84254782777138a73,jalaun,2,,"['buy', 'plots', 'commercial', 'rent']"
Jalgaon,97e3637cc27d42e94e6c,bbf7590bb8a2ee05cc51,jalgaon,2,,"['buy', 'plots', 'commercial', 'rent']"
Jalna,08a265074d6d558b99ee,e70333e0403bf71f1708,jalna,2,,"['buy', 'plots', 'commercial', 'rent']"
Jalpaiguri,77a90c98288013fa9f90,3505fbcd8ccddd7274f5,jalpaiguri,2,,"['buy', 'plots', 'commercial', 'rent']"
Jammu,a5ae2fce2aa79b811eb5,9223cf6982bd3b239531,jammu,2,,"['buy', 'plots', 'commercial', 'rent']"
Jamnagar,c24bddc0f0bd9e000d8d,4e6d1116c709be5fa453,jamnagar_1,2,,"['buy', 'plots', 'commercial', 'rent']"
Jamtara,89af7f3d187d15cb6a03,7ac11d58613088124ceb,jamtara,2,,"['buy', 'plots', 'commercial', 'rent']"
Jamui,2122ac6adf9eed746688,c836c194c0ff5e76d83f,jamui,2,,"['buy', 'plots', 'commercial', 'rent']"
Jashpur,06d5c5712d9c539e1cdc,474c362f829619d12a4c,jashpur,2,,"['buy', 'plots', 'commercial', 'rent']"
Jaunpur,cfed9a8b687fe309f3b7,0b5298a8054bc40ea08f,jaunpur_1,2,,"['buy', 'plots', 'commercial', 'rent']"
Jehanabad,e5c5155bdfa00274d7e0,2507f7e5a2d907a19ecc,jehanabad,2,,"['buy', 'plots', 'commercial', 'rent']"
Jhabua,5f088e94212485779a3c,147ee10b58e18eb66968,jhabua,2,,"['buy', 'plots', 'commercial', 'rent']"
Jhajjar,386b08735d14fb20c688,980f659c305757c943c3,jhajjar,2,,"['buy', 'plots', 'commercial', 'rent']"
Jhalawar,7693867253e99e107889,27243706f7591d31a694,jhalawar,2,,"['buy', 'plots', 'commercial', 'rent']"
Jhansi,12954bfea539e8096fdb,d4c45df20c52ca227b96,jhansi_uttar_pradesh,2,,"['buy', 'plots', 'commercial', 'rent']"
Jhargram,c2ade6a6d7dec66c3551,96d1f55b9276dc896c0f,jhargram,2,,"['buy', 'plots', 'commercial', 'rent']"
Jharsuguda,152900a226629054abc3,4d1a3224b5a8cc168b9f,jharsuguda,2,,"['buy', 'plots', 'commercial', 'rent']"
Jind,ea02e00a2cb7ac914e9d,8f4a0d2201bddd77cbc8,jind,2,,"['buy', 'plots', 'commercial', 'rent']"
Jiribam,760b892475cfdea820fd,5aeb5b552935a8a75351,jiribam,2,,"['buy', 'plots', 'commercial', 'rent']"
Jodhpur,45c98545e79422b490d2,550faccfcbd912bd60f0,jodhpur_rajasthan,2,,"['buy', 'plots', 'commercial', 'rent']"
Jorhat,1abe20ffe68b2bec7734,6d912339e60acadc081d,jorhat,2,,"['buy', 'plots', 'commercial', 'rent']"
Junagadh,e34460eaadc33e88e0a9,4bb772c583c2b31e69fe,junagadh_gujarat,2,,"['buy', 'plots', 'commercial', 'rent']"
Kaithal,04bdcc0622c6323e0a09,6eca98ad382e98fe6b7f,kaithal,2,,"['buy', 'plots', 'commercial', 'rent']"
Kakching,88488d629348968cd7a3,1de24e11697a5187b8d5,kakching,2,,"['buy', 'plots', 'commercial', 'rent']"
Kalahandi,3203ee711a29569082c2,,kalahandi,2,,"['buy', 'plots', 'commercial', 'rent']"
Kalimpong,6f49a19f76758f02696d,2dd0133928842e8790d2,kalimpong,2,,"['buy', 'plots', 'commercial', 'rent']"
Kallakurichi,55105cd9ad5b262a0db4,6a9cb14b442a6530d9bb,kallakurichi,2,,"['buy', 'plots', 'commercial', 'rent']"
Kamareddy,ec6fd1e79d06e59dfb02,84326ebcdbdd38e12c8d,kamareddy,2,,"['buy', 'plots', 'commercial', 'rent']"
Kamjong,605936b0ba7859da7b2b,a2ccc9bf828324ba0139,kamjong,2,,"['buy', 'plots', 'commercial', 'rent']"
Kamrup,07510980693ebc683b2d,,kamrup,2,,"['buy', 'plots', 'commercial', 'rent']"
Kandhamal,36d019186215999081c0,bb7f06633e13f120a52d,kandhamal,2,,"['buy', 'plots', 'commercial', 'rent']"
Kangpokpi,c25662cb1258a0465dfe,7d9832b8448184c1ab6b,kangpokpi,2,,"['buy', 'plots', 'commercial', 'rent']"
Kangra,2ad448c3295e64338719,5aa4207f69721f4c8cb3,kangra,2,,"['buy', 'plots', 'commercial', 'rent']"
Kannauj,d87d85cf8b2ef71a2896,46a0057619c889eede55,kannauj,2,,"['buy', 'plots', 'commercial', 'rent']"
Kannur,4d6c23f9d79554b51b48,286de78f9e26c7edc8d7,kannur_kerala,2,,"['buy', 'plots', 'commercial', 'rent']"
Kapurthala,85ce9f0b42e450667a30,e18c02e34add77b413aa,kapurthala,2,,"['buy', 'plots', 'commercial', 'rent']"
Karauli,8ff1a8fd0fba4593f3f5,48b545e5b959c7a1fe99,karauli,2,,"['buy', 'plots', 'commercial', 'rent']"
Karbi Anglong,8e084d4abfcbe598bd64,8ae65b24280ee818e69f,karbi_anglong,2,,"['buy', 'plots', 'commercial', 'rent']"
Kargil,01657f1224b63516b6a6,6b6747e1c42072a0ce93,kargil,2,,"['buy', 'plots', 'commercial', 'rent']"
Karimganj,a1a60b4fd035245c5dcc,77a0cecb727997730a73,karimganj,2,,"['buy', 'plots', 'commercial', 'rent']"
Karimnagar,6fc72b430213795a7a09,15e4170e25ccb5eadb9c,karimnagar,2,,"['buy', 'plots', 'commercial', 'rent']"
Karnal,2d75ac3382ba0c5d4a9e,18056a085a2fd10616ca,karnal_haryana,2,,"['buy', 'plots', 'commercial', 'rent']"
Karur,ab34e03d980c2d9f1064,,karur,2,,"['buy', 'plots', 'commercial', 'rent']"
Kasaragod,db114733601d50109240,21157211b3984ee62ac3,kasaragod,2,,"['buy', 'plots', 'commercial', 'rent']"
Kasganj,24bcdba798b54d90a411,12cbcf85937d65101c4c,kasganj,2,,"['buy', 'plots', 'commercial', 'rent']"
Kathua,1df92e13e7b3f1e7b045,8edf4bb64962a05a2232,kathua,2,,"['buy', 'plots', 'commercial', 'rent']"
Katihar,3f07581f3b31a4295e36,df0c9dd00d82db4e6bbc,katihar,2,,"['buy', 'plots', 'commercial', 'rent']"
Katni,ac8654b1efe961472221,c7c8dfbda27da3203db6,katni,2,,"['buy', 'plots', 'commercial', 'rent']"
Kaushambi,1ddd89f1fa981cb14c60,b17b32d3c29ac3b11424,kaushambi,2,,"['buy', 'plots', 'commercial', 'rent']"
Kendrapara,a31f3b09e2e979e83172,aea0e29160a953a7c9f8,kendrapara,2,,"['buy', 'plots', 'commercial', 'rent']"
Kendujhar,7132cb16d46dd0c3ff03,,kendujhar,2,,"['buy', 'plots', 'commercial', 'rent']"
Khagaria,c890c28d7c955400591a,11f99a8e416f23700db0,khagaria,2,,"['buy', 'plots', 'commercial', 'rent']"
Khammam,9912217a30db0f026ab7,153c347f4528c12f4b43,khammam,2,,"['buy', 'plots', 'commercial', 'rent']"
Khawzawl,99d21852c4cdb51cd06b,dcbaf4710555e0c53fb8,khawzawl,2,,"['buy', 'plots', 'commercial', 'rent']"
Kheda,27ea933dcbee4371c0e2,638a0a3eea4535e04c2f,kheda_1,2,,"['buy', 'plots', 'commercial', 'rent']"
Khowai,d69c16dc58d2823676db,b3014766edb760d85292,khowai,2,,"['buy', 'plots', 'commercial', 'rent']"
Khunti,2266c9bc791dce2d9b2b,57ad7d2477e937b609e6,khunti,2,,"['buy', 'plots', 'commercial', 'rent']"
Kinnaur,d368c055c4ffd62d893c,5072dafb04267f85f11d,kinnaur,2,,"['buy', 'plots', 'commercial', 'rent']"
Kiphire,dd99fe583b98ab6dbfa4,1a6efe8cdc6188cb5624,kiphire,2,,"['buy', 'plots', 'commercial', 'rent']"
Kishanganj,85a89f38f7985adb94ae,b1b70241e36d4f8f5a38,kishanganj,2,,"['buy', 'plots', 'commercial', 'rent']"
Kishtwar,b15f2442dd26e6ec93e6,,kishtwar,2,,"['buy', 'plots', 'commercial', 'rent']"
Kodagu,d8b5013967ff46704d52,b85f02ebf9d4e7766ca3,kodagu,2,,"['buy', 'plots', 'commercial', 'rent']"
Kohima,f6ef7b9d95a8a96a6bc1,8abd562747dee836ff9c,kohima,2,,"['buy', 'plots', 'commercial', 'rent']"
Kokrajhar,ca5bb22643d7cf49831c,f130acd1d891aa14e0bc,kokrajhar,2,,"['buy', 'plots', 'commercial', 'rent']"
Kolasib,7f62bb133144471f9405,c685d02f95900b57efa1,kolasib,2,,"['buy', 'plots', 'commercial', 'rent']"
Kolhapur,7b9328623783a5885c5d,c9a13980c548921da5ed,kolhapur,2,,"['buy', 'plots', 'commercial', 'rent']"
Kollam,70dc259606adbe2c747f,03d8debb68208ad3a1ad,kollam,2,,"['buy', 'plots', 'commercial', 'rent']"
Kondagaon,c5c48b5c980f6da3d186,b9c3c7846af8a079533e,kondagaon,2,,"['buy', 'plots', 'commercial', 'rent']"
Koppal,0210fed500cda527b9ed,ea112001ec93bd0363eb,koppal,2,,"['buy', 'plots', 'commercial', 'rent']"
Koraput,5c6af3806d12ecc45c9c,66c016b2a4036c480c4c,koraput,2,,"['buy', 'plots', 'commercial', 'rent']"
Korba,0b2c7da9a0655f4f3fe6,65cd68b725f5665c1219,korba,2,,"['buy', 'plots', 'commercial', 'rent']"
Koriya,32bde05f0ec27f33151a,,koriya,2,,"['buy', 'plots', 'commercial', 'rent']"
Kota,628f08dd407a7f55ba42,4ddf710d629d93248a20,kota_rajasthan,2,,"['buy', 'plots', 'commercial', 'paying_guest', 'rent']"
Kottayam,c9d289c997794b7eb30f,9800720a7a58ceff7905,kottayam_kerala,2,,"['buy', 'plots', 'commercial', 'paying_guest', 'rent']"
Kozhikode,5f6db10472cc7c2407af,e797da32c426e5e127db,kozhikode_kerala,2,,"['buy', 'plots', 'commercial', 'rent']"
Krishna,ae5e7c3f393ea5e5a341,,krishna,2,,"['buy', 'plots', 'commercial', 'rent']"
Krishnagiri,2d6953bca465f7cbdcc6,21fd0a25f03f572c076d,krishnagiri,2,,"['buy', 'plots', 'commercial', 'rent']"
Kullu,c26e84bab3730af39084,0f35cd231875a269bf16,kullu,2,,"['buy', 'plots', 'commercial', 'rent']"
Kupwara,9f0a1a7633a85f3cfafc,cda0578ae63db88c154b,kupwara,2,,"['buy', 'plots', 'commercial', 'rent']"
Kurnool,8971c69590fa17116181,b9b07007c637dc7284f8,kurnool,2,,"['buy', 'plots', 'commercial', 'rent']"
Kurukshetra,5fa61c50565d621e618c,e4caafbb6a0d030fb8e6,kurukshetra_haryana,2,,"['buy', 'plots', 'commercial', 'rent']"
Kushinagar,2364e6f140c34452537e,,kushinagar,2,,"['buy', 'plots', 'commercial', 'rent']"
Lakhimpur,1e9804c63300c0458ae6,,lakhimpur,2,,"['buy', 'plots', 'commercial', 'rent']"
Lakhisarai,e4cabe5a4421a391384e,c3ac4401199e2f3cb944,lakhisarai,2,,"['buy', 'plots', 'commercial', 'rent']"
Lalitpur,9b52095df32ea981c049,abcd3254768a3d889256,lalitpur,2,,"['buy', 'plots', 'commercial', 'rent']"
Latehar,00deb0d4ac362f7bcb55,4aef7b10eb9d1e5d34da,latehar,2,,"['buy', 'plots', 'commercial', 'rent']"
Latur,91b35421b3d478e51dd5,64d850e78e37c2ceae95,latur,2,,"['buy', 'plots', 'commercial', 'rent']"
Lawngtlai,fcfff27180fd18d03343,f290ab062d0ebb2233d9,lawngtlai,2,,"['buy', 'plots', 'commercial', 'rent']"
Leh,f14ff3c64cc2f203f1f2,c949beaae06439d18db8,leh,2,,"['buy', 'plots', 'commercial', 'rent']"
Lohardaga,24c07eec3d5edf79d65d,b62e94007a1bf73c20b3,lohardaga,2,,"['buy', 'plots', 'commercial', 'rent']"
Lohit,5f8b378c745280719b31,5065f1497ecb99dda2c1,lohit,2,,"['buy', 'plots', 'commercial', 'rent']"
Longding,68eb9c0a9e590043dab2,948c05d8f65ad0e8c9f6,longding,2,,"['buy', 'plots', 'commercial', 'rent']"
Longleng,d003223db3542f0c4779,66089fd403af9adb2046,longleng,2,,"['buy', 'plots', 'commercial', 'rent']"
Lower Dibang Valley,71c4fe282b4029ea9888,e496b59134d070c50c39,lower_dibang_valley,2,,"['buy', 'plots', 'commercial', 'rent']"
Lower Subansiri,42784c5704a9e540b371,db732953a9d719c7e30c,lower_subansiri,2,,"['buy', 'plots', 'commercial', 'rent']"
Lucknow,241b6641fe4343119982,dc69188259ba46b9d742,lucknow,2,,"['buy', 'plots', 'commercial', 'rent']"
Ludhiana,555b406f32b287bde719,ae16cb3d7f9517d6d74c,ludhiana,2,,"['buy', 'plots', 'commercial', 'rent']"
Lunglei,1178b65ea9600a3c7cbd,c92630f3c3bf68d27351,lunglei,2,,"['buy', 'plots', 'commercial', 'rent']"
Madhepura,a22e5f06d0dbf590427e,,madhepura,2,,"['buy', 'plots', 'commercial', 'rent']"
Madhubani,0c9f82b1fbe75ae79005,7118267e43c755468f69,madhubani_bihar,2,,"['buy', 'plots', 'commercial', 'rent']"
Madurai,03ebb2e4fb1b2a026364,7fe9d19d44229b83c363,madurai_tamil_nadu,2,,"['buy', 'plots', 'commercial', 'rent']"
Mahasamund,8de725eee942d7284ed2,f3a9d51eb3b452d0c2b2,mahasamund,2,,"['buy', 'plots', 'commercial', 'rent']"
Mahendragarh,d6b3cd1c7dfb229daef0,,mahendragarh,2,,"['buy', 'plots', 'commercial', 'rent']"
Mahisagar,eb9100b10dca044214c7,c758e8bb19ea57308926,mahisagar,2,,"['buy', 'plots', 'commercial', 'rent']"
Mahoba,d934ce87db5108e8e7da,fbc511ccb015deb7ae10,mahoba,2,,"['buy', 'plots', 'commercial', 'rent']"
Mainpuri,0d40202527d16fb9d9be,3358ce2b738d8a64e504,mainpuri,2,,"['buy', 'plots', 'commercial', 'rent']"
Malappuram,bc1346facaa6533ef004,95b87cc1cce2de966c85,malappuram,2,,"['buy', 'plots', 'commercial', 'rent']"
Malkangiri,0574989bf3290c0c6689,86f2b550082dd2b18306,malkangiri,2,,"['buy', 'plots', 'commercial', 'rent']"
Mamit,ed20504d45da9dc6f55b,bb951519a5fc20d26628,mamit,2,,"['buy', 'plots', 'commercial', 'rent']"
Mancherial,fe21cce478e5d2c874d5,a21c2c47f9837b436779,mancherial,2,,"['buy', 'plots', 'commercial', 'rent']"
Mandi,50dfbf657d46eaff7bbc,f72c54bd685e911bfd6d,mandi,2,,"['buy', 'plots', 'commercial', 'rent']"
Mandla,168f3b4e649f794714b1,3c845eb922f5220fe67e,mandla,2,,"['buy', 'plots', 'commercial', 'rent']"
Mandsaur,6e240f62f9016f9b3ebc,3bb10aab839f26fa85d8,mandsaur,2,,"['buy', 'plots', 'commercial', 'rent']"
Mandya,ecb763dfd3f2f42f7ea3,b2461639153131c2d0a1,mandya,2,,"['buy', 'plots', 'commercial', 'rent']"
Mansa,0b5df821aa952c4817a3,b85adb90c36b75ea1498,mansa,2,,"['buy', 'plots', 'commercial', 'rent']"
Mathura,6760f4f5cdb31d2a05a1,ac3c28e0e73459ad9706,mathura_uttar_pradesh,2,,"['buy', 'plots', 'commercial', 'rent']"
Mau,957bdd37019ff80b2d6a,f9a2bc9d901f56f88ed9,mau,2,,"['buy', 'plots', 'commercial', 'rent']"
Mayurbhanj,755dd731b05f23c120f4,75f6014ed07b0eca679e,mayurbhanj,2,,"['buy', 'plots', 'commercial', 'rent']"
Medak,1a68039b419405e8bbe1,dae9f319733ddf1b4f77,medak,2,,"['buy', 'plots', 'commercial', 'rent']"
Meerut,5cbce353e0f91c547ef0,a8ae901d68d74adf12ad,meerut,2,,"['buy', 'plots', 'commercial', 'rent']"
Mirzapur,90ed887bb579d71dddfe,ca384b8ba57c67a8f49b,mirzapur,2,,"['buy', 'plots', 'commercial', 'rent']"
Moga,821bb1f1b45762a99f44,b4b40cc199d2cfebb226,moga,2,,"['buy', 'plots', 'commercial', 'rent']"
Mokokchung,5ecf70c451ace3d1bcf1,c523371f5139be8a1d4e,mokokchung,2,,"['buy', 'plots', 'commercial', 'rent']"
Mon,b92baf908267940be674,0a2ad3d98794c9118e3d,mon,2,,"['buy', 'plots', 'commercial', 'rent']"
Moradabad,6f00817a4b572cc5a36f,cc1d0990a263c4aa9bef,moradabad,2,,"['buy', 'plots', 'commercial', 'rent']"
Morbi,1b832fb8dde8c97731f9,05539415499501ba01b4,morbi,2,,"['buy', 'plots', 'commercial', 'rent']"
Morena,e7a5a09c5de7f5b7cb69,bf801cc6013e187064fe,morena,2,,"['buy', 'plots', 'commercial', 'rent']"
Morigaon,908e48c664fcc2b1b701,c3c34208d7c4b890aad4,morigaon,2,,"['buy', 'plots', 'commercial', 'rent']"
Mulugu,b0c6dff90b2e8e87c3f6,2c8756629ebdce7203de,mulugu,2,,"['buy', 'plots', 'commercial', 'rent']"
Mungeli,c5380d9dbd9ed5658b7a,c01221c39bcc2d2c8828,mungeli,2,,"['buy', 'plots', 'commercial', 'rent']"
Munger,751c7acdbd82b4530fb7,fea31ffb3bb3c578437c,munger,2,,"['buy', 'plots', 'commercial', 'rent']"
Murshidabad,22c2ee0a6dc99139f136,ae8cfd90958507ebeadb,murshidabad,2,,"['buy', 'plots', 'commercial', 'rent']"
Muzaffarnagar,96352e5473d608a8371b,2df13bf369a234f9933b,muzaffarnagar_uttar_pradesh,2,,"['buy', 'plots', 'commercial', 'rent']"
Muzaffarpur,7cd137465d733abf97bb,1e2cc990ac09413df308,muzaffarpur,2,,"['buy', 'plots', 'commercial', 'rent']"
Nadia,01c00c2625fb66cd012a,3fb0c53dde08f9d449e2,nadia,2,,"['buy', 'plots', 'commercial', 'rent']"
Nagaon,e960684fb5458f9443cd,1427960c1ee863d907ff,nagaon,2,,"['buy', 'plots', 'commercial', 'rent']"
Nagapattinam,1978102a4db2788a2670,f3f742227c147c592c9f,nagapattinam,2,,"['buy', 'plots', 'commercial', 'rent']"
Nagarkurnool,5348fd171a0dc988dc28,96d1cdf6507392b20233,nagarkurnool,2,,"['buy', 'plots', 'commercial', 'rent']"
Nagaur,5bb348aec5445b0ef0cc,5267bb956229f046d384,nagaur,2,,"['buy', 'plots', 'commercial', 'rent']"
Nagpur,4ec3d9cf40c1b278e347,fb19f0c23a610b713112,nagpur_maharashtra,2,,"['buy', 'plots', 'commercial', 'paying_guest', 'rent']"
Nainital,4cec8e252271bc0c22c7,9f46bb207a7be3866dac,nainital_uttarakhand,2,,"['buy', 'plots', 'commercial', 'rent']"
Nalanda,69c4f7894656a95eec02,b419eefb111d35703eaf,nalanda,2,,"['buy', 'plots', 'commercial', 'rent']"
Nalbari,f1e6ac6a5e9debfb3532,178b1ab1e12cbed891d3,nalbari,2,,"['buy', 'plots', 'commercial', 'rent']"
Nalgonda,379e3c647d5ca5542344,d483269d32eeb805a880,nalgonda,2,,"['buy', 'plots', 'commercial', 'rent']"
Namakkal,092329815c2bc3fe1947,b99a39df3418890bdebe,namakkal,2,,"['buy', 'plots', 'commercial', 'rent']"
Namsai,eb6559b606b5d0271954,87dccf1f49a46481ed4d,namsai,2,,"['buy', 'plots', 'commercial', 'rent']"
Nanded,c356ad0f40eb30c4c426,d09bfb774791a003e129,nanded,2,,"['buy', 'plots', 'commercial', 'rent']"
Nandurbar,d03fe12e77c2cfdcb217,0711ebc2742344848e4f,nandurbar,2,,"['buy', 'plots', 'commercial', 'rent']"
Narayanpet,a1d2b4061d9cb1d3db2b,97bec78509583f11d357,narayanpet,2,,"['buy', 'plots', 'commercial', 'rent']"
Narayanpur,9444241a407c147e9b89,ee34eeac5c32320f15e3,narayanpur,2,,"['buy', 'plots', 'commercial', 'rent']"
Narmada,b2d4dcf7136e55d75f00,,narmada,2,,"['buy', 'plots', 'commercial', 'rent']"
Nashik,0383bdf1fc8f5060c07b,c2783a9ace085c4fbc49,nashik,2,,"['buy', 'plots', 'commercial', 'paying_guest', 'rent']"
Navsari,6e09dd6750be6cbcfdd1,6ca084859a7cd1633e98,navsari,2,,"['buy', 'plots', 'commercial', 'rent']"
Nawada,406fd161b1be0e01f10b,2b84888f4fc609f0cae1,nawada,2,,"['buy', 'plots', 'commercial', 'rent']"
Nayagarh,aec35dc9755c33e2b9ef,cce0b01a6e0d9c88fe1c,nayagarh,2,,"['buy', 'plots', 'commercial', 'rent']"
Neemuch,1c5d584bc0ee95c4deb6,bf8715786959a3d61f81,neemuch,2,,"['buy', 'plots', 'commercial', 'rent']"
Nirmal,8eee4d3e01dc0c5151d0,0f3a23cbd18807f489d3,nirmal,2,,"['buy', 'plots', 'commercial', 'rent']"
Niwari,a921ba4e80dd7d1a6c98,4abc40bcf3ada2e73848,niwari,2,,"['buy', 'plots', 'commercial', 'rent']"
Nizamabad,c240475a498095c7de38,3292344f29446d081b44,nizamabad,2,,"['buy', 'plots', 'commercial', 'rent']"
Noney,11a181ad9b63e4e18a0d,04910da7acf1d609cc05,noney,2,,"['buy', 'plots', 'commercial', 'rent']"
North Garo Hills,d5571acd871284177347,5f8206c3e6d34fd93174,north_garo_hills,2,,"['buy', 'plots', 'commercial', 'rent']"
North Tripura,7d55c1534cc4c6799356,cfcba76d9d265ff34589,north_tripura,2,,"['buy', 'plots', 'commercial', 'rent']"
Nuapada,8353eb9664b1102251ef,c82d53f280b15cd16364,nuapada,2,,"['buy', 'plots', 'commercial', 'rent']"
Osmanabad,af913e2351464f6c120e,dd35a947e06bf0c35b54,osmanabad,2,,"['buy', 'plots', 'commercial', 'rent']"
Pakur,4e9ebcb00f482e449aec,5c21e389687b06844b43,pakur,2,,"['buy', 'plots', 'commercial', 'rent']"
Palakkad,003f79cd863cc8fd34bc,5e3c30073afe0627ffd1,palakkad_kerala,2,,"['buy', 'plots', 'commercial', 'rent']"
Palamu,233a5df87396825dfc71,,palamu,2,,"['buy', 'plots', 'commercial', 'rent']"
Pali,8b75ee19fca229537e12,ff1737d31d7d9686d783,pali,2,,"['buy', 'plots', 'commercial', 'rent']"
Palwal,206653b427e2bef42714,dc8edf0d4dd0f38afbb7,palwal,2,,"['buy', 'plots', 'commercial', 'rent']"
Panchkula,0b2d8c0c9dec2dc8b0df,83ce961d9f3ae5df2a38,panchkula_haryana,2,,"['buy', 'plots', 'commercial', 'paying_guest', 'rent']"
Panipat,8a5b40ed42e458f6392a,a5224156ff74c41958a0,panipat_haryana,2,,"['buy', 'plots', 'commercial', 'rent']"
Panna,3e050c55ff5fe9dd354c,2d1d7ceeee30b78b069f,panna,2,,"['buy', 'plots', 'commercial', 'rent']"
Papum Pare,9f8b417e0af8f85d7cd8,20e6efff9e289bd1548d,papum_pare,2,,"['buy', 'plots', 'commercial', 'rent']"
Parbhani,905835ea706479437471,0ceeb27d7bf54ec4bc28,parbhani,2,,"['buy', 'plots', 'commercial', 'rent']"
Patan,55e045344ade26c6cbb4,776dfe3fa4a1d817476e,patan,2,,"['buy', 'plots', 'commercial', 'rent']"
Pathanamthitta,3db00205a6c9a367c48a,8edd92a5dc81fa229f9e,pathanamthitta,2,,"['buy', 'plots', 'commercial', 'rent']"
Pathankot,024570eaefec8af0ae3f,06fd9f0e4570ae6f873d,pathankot,2,,"['buy', 'plots', 'commercial', 'rent']"
Patiala,f1945b30f168d3c5d873,f45a874468de85b4d88d,patiala,2,,"['buy', 'plots', 'commercial', 'paying_guest', 'rent']"
Patna,ff6aef43f1485311aa29,50010c9e9493286cb85b,patna,2,,"['buy', 'plots', 'commercial', 'paying_guest', 'rent']"
Peddapalli,4f553cc0d6ef8e8e0475,5d9f0bc1dc8d760af583,peddapalli,2,,"['buy', 'plots', 'commercial', 'rent']"
Perambalur,4001f2b68a74e3482adb,9e9803a91d77b81bd3c8,perambalur,2,,"['buy', 'plots', 'commercial', 'rent']"
Peren,3360ae109c6992ad70a5,708054cbdc83880d4183,peren,2,,"['buy', 'plots', 'commercial', 'rent']"
Phek,4932c6362058db700195,3401f8ad8cf7f67d4dc0,phek,2,,"['buy', 'plots', 'commercial', 'rent']"
Pherzawl,bb3533e3db55ea1cbeb8,754ebde12fa45e6419ca,pherzawl,2,,"['buy', 'plots', 'commercial', 'rent']"
Pilibhit,2142a259339ee973d293,65711d5f316ab2f659f7,pilibhit,2,,"['buy', 'plots', 'commercial', 'rent']"
Pithoragarh,17a629ba34cc5a881a21,453f50e00176d237a0cf,pithoragarh,2,,"['buy', 'plots', 'commercial', 'rent']"
Porbandar,47ed0388bcfc8eedf887,93f66b39b1a137d50dbb,porbandar,2,,"['buy', 'plots', 'commercial', 'rent']"
Prakasam,dd11521d4b06024d9818,ff67ce32b65eb6b27bfa,prakasam,2,,"['buy', 'plots', 'commercial', 'rent']"
Pratapgarh,a700a58e970ec5c48fa3,1ddec62c0bfeea9dcf55,pratapgarh,2,,"['buy', 'plots', 'commercial', 'rent']"
Pudukkottai,5aa27eb0b048df82e134,,pudukkottai,2,,"['buy', 'plots', 'commercial', 'rent']"
Pulwama,8df28d64031240b1cf40,eef12a3b19252bb0fd01,pulwama,2,,"['buy', 'plots', 'commercial', 'rent']"
Purba Medinipur,2146862bc10fc12385bf,08d6354941b80cc8b3f8,purba_medinipur,2,,"['buy', 'plots', 'commercial', 'rent']"
Puri,ea3df4971691ce0e1bc8,38575fdcadc84b678a1d,puri_odisha,2,,"['buy', 'plots', 'commercial', 'rent']"
Raichur,ab8d99846bf48ba2d59a,50eb68dfa68b7e14a876,raichur,2,,"['buy', 'plots', 'commercial', 'rent']"
Raigarh,a2851bffd02cba0220b7,ff6e9eca127ebb86f67f,raigarh,2,,"['buy', 'plots', 'commercial', 'rent']"
Raipur,3e545cab8de979cd8775,,raipur,2,,"['buy', 'plots', 'commercial', 'rent']"
Raisen,e3d880c3abde15555029,2d77a664d46bfad8c403,raisen_madhya_pradesh,2,,"['buy', 'plots', 'commercial', 'rent']"
Rajgarh,6af4d47a33f93ab45c22,46c69833166836eab8c4,rajgarh,2,,"['buy', 'plots', 'commercial', 'rent']"
Rajkot,82db5055ace0c7a170a5,7df5598d2f38fd280813,rajkot_gujarat,2,,"['buy', 'plots', 'commercial', 'paying_guest', 'rent']"
Rajnandgaon,ac5d4b503af9467670c5,6925c3b799238b14a0ae,rajnandgaon,2,,"['buy', 'plots', 'commercial', 'rent']"
Rajouri,a253df79eedac75a30bd,7a94f2c60b611475c7aa,rajouri,2,,"['buy', 'plots', 'commercial', 'rent']"
Rajsamand,f3140f9413e02cc7cc4d,19f17987d62dafd4d36e,rajsamand,2,,"['buy', 'plots', 'commercial', 'rent']"
Ramanathapuram,ebac050aa6156dc5409b,9179945c4dba3ff5b841,ramanathapuram,2,,"['buy', 'plots', 'commercial', 'rent']"
Ramgarh,ae7ef090a4d317034346,404f9346f3dba824a744,ramgarh_1,2,,"['buy', 'plots', 'commercial', 'rent']"
Rampur,e283f8c8eaf92fc454cd,87fb8d745237a702feed,rampur,2,,"['buy', 'plots', 'commercial', 'rent']"
Ranchi,d6e72ae73d2e6d6eef0e,c53c9c2eb32f8561192e,ranchi,2,,"['buy', 'plots', 'commercial', 'rent']"
Ranipet,1199d25ea011f31778b7,23d63d8d9fac2349139d,ranipet,2,,"['buy', 'plots', 'commercial', 'rent']"
Ratlam,ba8f657c750d66c7d3f0,c5503f736c1bb7c4e48a,ratlam,2,,"['buy', 'plots', 'commercial', 'rent']"
Ratnagiri,8261caff933ae18d35b0,e9f597ab8f8abe7dcdf1,ratnagiri_maharashtra,2,,"['buy', 'plots', 'commercial', 'rent']"
Rayagada,b94d0e08510a22522ced,594235ad2afaac9e4651,rayagada,2,,"['buy', 'plots', 'commercial', 'rent']"
Reasi,222f21ad464a73aefb1c,,reasi,2,,"['buy', 'plots', 'commercial', 'rent']"
Rewa,da60aaa999ec66bdd0c7,ccad24d150d3f416d2bf,rewa,2,,"['buy', 'plots', 'commercial', 'rent']"
Rewari,fd54fc8f76497c963f0b,c5d2c53af4dbabc37d4c,rewari_haryana,2,,"['buy', 'plots', 'commercial', 'rent']"
Rohtak,a10d0fc83fac670d6ea5,12f83b4659b27e5d5a38,rohtak,2,,"['buy', 'plots', 'commercial', 'paying_guest', 'rent']"
Rohtas,3189082df0119c331920,449667fbe3a04d1665c2,rohtas,2,,"['buy', 'plots', 'commercial', 'rent']"
Rudraprayag,2f507bced946dff0dd1d,8bf802b3c3b432ab23a5,rudraprayag,2,,"['buy', 'plots', 'commercial', 'rent']"
Rupnagar,479c35e8aad1c3341674,c626fdcf5d5aa64548a8,rupnagar,2,,"['buy', 'plots', 'commercial', 'rent']"
Sagar,62054a9bfc41b65f534e,a35fa69a7c8ac69f3383,sagar,2,,"['buy', 'plots', 'commercial', 'rent']"
Saharanpur,74150da34299fd55b40e,0d5f0f60aecad886568a,saharanpur_uttar_pradesh,2,,"['buy', 'plots', 'commercial', 'rent']"
Saharsa,0e2d6859f45f04c959e0,50dffc0dcbb13f280750,saharsa,2,,"['buy', 'plots', 'commercial', 'rent']"
Sahibganj,883377b4863a7f3aa011,71d59c654f11a38a9722,sahibganj,2,,"['buy', 'plots', 'commercial', 'rent']"
Salem,aef07591a24f1c1d6aef,d577013d1c446bdb5626,salem,2,,"['buy', 'plots', 'commercial', 'rent']"
Samastipur,853846815b48689bf5f2,475a65a9e761eaa4455d,samastipur,2,,"['buy', 'plots', 'commercial', 'rent']"
Samba,a60b42fa67821fe252d0,ee94e2f610871ef4696a,samba,2,,"['buy', 'plots', 'commercial', 'rent']"
Sambalpur,41f60c2e29343b0b3ef7,a8a778cb1dd91579f819,sambalpur,2,,"['buy', 'plots', 'commercial', 'rent']"
Sambhal,c452f9a91922b09f8bf5,10cb7b6ad7dfdd9dfaa5,sambhal,2,,"['buy', 'plots', 'commercial', 'rent']"
Sangli,5af34f0c9d51e5673b7f,a16c6fa2273ce440dcf0,sangli_maharashtra,2,,"['buy', 'plots', 'commercial', 'rent']"
Sangrur,d91807b971d7251be449,374fe2b28de45f737315,sangrur,2,,"['buy', 'plots', 'commercial', 'rent']"
Sant Kabir Nagar,7716e3de06700613591d,,sant_kabir_nagar,2,,"['buy', 'plots', 'commercial', 'rent']"
Saran,6893307bbfb74d180b04,a0939ea3cc303332301a,saran,2,,"['buy', 'plots', 'commercial', 'rent']"
Satara,8ad5b67861c4b9639add,5edca061814b58cd83cf,satara,2,,"['buy', 'plots', 'commercial', 'rent']"
Satna,ba167bf30497bb4a0a3f,952308d1dc3159079567,satna,2,,"['buy', 'plots', 'commercial', 'rent']"
Sehore,2d3be458afb7ec2da1f0,17826720f76a34ef9054,sehore_1,2,,"['buy', 'plots', 'commercial', 'rent']"
Senapati,c82a1005fb773064febc,b18835c59d733ee39ff8,senapati,2,,"['buy', 'plots', 'commercial', 'rent']"
Seoni,f4e2dfefbd7f42378413,dfa5d9ac004eade71f0d,seoni,2,,"['buy', 'plots', 'commercial', 'rent']"
Serchhip,ad999f19576d5600632f,fc0b46e15ca2ad58ea72,serchhip,2,,"['buy', 'plots', 'commercial', 'rent']"
Shahdol,df82e223c798fd9e5477,7cd34899f5eaedd72787,shahdol,2,,"['buy', 'plots', 'commercial', 'rent']"
Shahjahanpur,1bc2a35fb6d4ecb02785,688614d63bacc2f40101,shahjahanpur,2,,"['buy', 'plots', 'commercial', 'rent']"
Shajapur,3e91300db17932337d19,14d73d21927b3998058f,shajapur,2,,"['buy', 'plots', 'commercial', 'rent']"
Shamli,9104a738822468c35fe6,681cd78fb838a768fa93,shamli,2,,"['buy', 'plots', 'commercial', 'rent']"
Sheikhpura,4736ece16ccd04d6c557,,sheikhpura,2,,"['buy', 'plots', 'commercial', 'rent']"
Sheohar,7f79a9472cca269d49af,0d395cda1701316c5e43,sheohar,2,,"['buy', 'plots', 'commercial', 'rent']"
Shimla,2428d316d2d1a671b220,bf43e1fe45b5763b1e38,shimla_himachal_pradesh,2,,"['buy', 'plots', 'commercial', 'rent']"
Shivamogga,34d017dedc2fa9faa11c,3d1e1102a0d3a031a602,shivamogga,2,,"['buy', 'plots', 'commercial', 'rent']"
Shivpuri,627820f259c28dfce09d,d5dc78c582aeceae0e40,shivpuri,2,,"['buy', 'plots', 'commercial', 'rent']"
Siddharthnagar,0f96ac4578a3fcdf24e8,,siddharthnagar,2,,"['buy', 'plots', 'commercial', 'rent']"
Siddipet,b7b4b5cc10eb688775ba,b669a2aa1336bfd68425,siddipet,2,,"['buy', 'plots', 'commercial', 'rent']"
Sidhi,2476552a0aacb4d271f6,5526d1fddb57c6ee5d3d,sidhi,2,,"['buy', 'plots', 'commercial', 'rent']"
Sikar,4062054254f391612965,f38fcd8bdf4413da9c21,sikar,2,,"['buy', 'plots', 'commercial', 'rent']"
Simdega,a56eeffa84a6a30c2435,7631f92f4189e4630448,simdega,2,,"['buy', 'plots', 'commercial', 'rent']"
Sindhudurg,0c9d965b7e46899e98b5,3f2085627db4e8155c00,sindhudurg,2,,"['buy', 'plots', 'commercial', 'rent']"
Singrauli,2d70d5afc4022eb0e133,248b4ff2dd2640d8979e,singrauli,2,,"['buy', 'plots', 'commercial', 'rent']"
Sipahijala,e66ed20b12f1afd5bce0,2ba139a6740873ebd7ee,sipahijala,2,,"['buy', 'plots', 'commercial', 'rent']"
Sirmaur,2ddcfb1692bcc46883cb,,sirmaur,2,,"['buy', 'plots', 'commercial', 'rent']"
Sirohi,53410e2059f6544f3df7,f477a0e9fad86966cfdf,sirohi,2,,"['buy', 'plots', 'commercial', 'rent']"
Sirsa,491334651cfc0ec33ac9,22124c0c721c69805718,sirsa,2,,"['buy', 'plots', 'commercial', 'rent']"
Sitamarhi,946db98499da24d6f310,03fec5c07df523fa4591,sitamarhi,2,,"['buy', 'plots', 'commercial', 'rent']"
Sitapur,7ceca20cf2d31f1f04ce,a650e039c7899b1dfcea,sitapur_2,2,,"['buy', 'plots', 'commercial', 'rent']"
Sivaganga,6c3e1388f51081a03ee1,68a4ee26534a9afadfac,sivaganga,2,,"['buy', 'plots', 'commercial', 'rent']"
Sivasagar,227e7951c8c489796099,47bf96dd2c40737b2ac6,sivasagar,2,,"['buy', 'plots', 'commercial', 'rent']"
Siwan,75c8c9bdcc36f3f6ad7d,e1e3478d3c70e951bb49,siwan,2,,"['buy', 'plots', 'commercial', 'rent']"
Solan,74fbb4f891046288d5b7,12258e298c0c5d3f1ec7,solan,2,,"['buy', 'plots', 'commercial', 'rent']"
Solapur,9c063c324bb50fc74f83,c28001a2733c14136d3d,solapur_maharashtra,2,,"['buy', 'plots', 'commercial', 'rent']"
Sonbhadra,afecf1c8316a9c3ddf8c,7adedd8bf825e32fcb46,sonbhadra,2,,"['buy', 'plots', 'commercial', 'rent']"
Sonitpur,4695e42f8b57012147ed,6c4ef17b17470ec178f6,sonitpur,2,,"['buy', 'plots', 'commercial', 'rent']"
South Andaman,d3f0fc088649c41739cf,8da08090405a3e091d5d,south_andaman,2,,"['buy', 'plots', 'commercial', 'rent']"
South Garo Hills,fab3e7cd4ff2db85e08d,4e4a6b0e0e533f52f6ad,south_garo_hills,2,,"['buy', 'plots', 'commercial', 'rent']"
South Tripura,aeb64b3d71630a4fba28,b9ceb1cc99173021f90d,south_tripura,2,,"['buy', 'plots', 'commercial', 'rent']"
Sri Muktsar Sahib,7b47fad12fc6073d8143,526ffde835a0eb206b27,sri_muktsar_sahib,2,,"['buy', 'plots', 'commercial', 'rent']"
Srikakulam,9bca065e0701ad06d4df,f38e321bbf50ce1c5609,srikakulam,2,,"['buy', 'plots', 'commercial', 'rent']"
Srinagar,acc895f4b8b943cc6609,2b31e4e7377fd964a98b,srinagar,2,,"['buy', 'plots', 'commercial', 'rent']"
Subarnapur,c9e0f265a93a21812915,,subarnapur,2,,"['buy', 'plots', 'commercial', 'rent']"
Sukma,309a9861d3a089cc21c9,,sukma,2,,"['buy', 'plots', 'commercial', 'rent']"
Sultanpur,5df575e47325ba89c70e,80a2f57d3811be49c6c1,sultanpur,2,,"['buy', 'plots', 'commercial', 'rent']"
Sundargarh,489ab8d2a8f32bd512b1,,sundargarh,2,,"['buy', 'plots', 'commercial', 'rent']"
Supaul,f4cce85322f2869abadc,31bbfd146763f82be479,supaul,2,,"['buy', 'plots', 'commercial', 'rent']"
Surajpur,a5ea31c379749d82047b,,surajpur,2,,"['buy', 'plots', 'commercial', 'rent']"
Surat,eb012e0d935ca9a5bed6,486fa2fde46b0ea9c402,surat,2,,"['buy', 'plots', 'commercial', 'paying_guest', 'rent']"
Surendranagar,ed1b8d7c2cd523c9dcf7,0d533346b93bdeabc99c,surendranagar_gujarat,2,,"['buy', 'plots', 'commercial', 'rent']"
Surguja,4ddb797838cd636bba2d,519d55acb65aedcdae41,surguja,2,,"['buy', 'plots', 'commercial', 'rent']"
Suryapet,e5eb885ecb38ae5aa87c,83e20c598d126951d316,suryapet,2,,"['buy', 'plots', 'commercial', 'rent']"
Tamenglong,fdd5f66ed1a1d203a6a4,07c822544212881b3c41,tamenglong,2,,"['buy', 'plots', 'commercial', 'rent']"
Tapi,2eda5af0eb7759de0640,e705548eb2dbb8182961,tapi,2,,"['buy', 'plots', 'commercial', 'rent']"
Tawang,27857cde8f882d17cffa,6b4ef71e732fdf386129,tawang,2,,"['buy', 'plots', 'commercial', 'rent']"
Tengnoupal,0f07385e5e233c80549e,22aed5d15f8303b54430,tengnoupal,2,,"['buy', 'plots', 'commercial', 'rent']"
Thanjavur,0241894a629b68a9ed02,2f3510077c5cf20e2943,thanjavur,2,,"['buy', 'plots', 'commercial', 'rent']"
Theni,f80279fdf421bf9c9b99,f8ae6baac9151dcaeda6,theni_tamil_nadu,2,,"['buy', 'plots', 'commercial', 'rent']"
Thiruvananthapuram,164544a87cb82c03bf02,1c5c0c446f14b707a4b9,thiruvananthapuram,2,,"['buy', 'plots', 'commercial', 'paying_guest', 'rent']"
Thoubal,067b098ed55cbae1d80d,,thoubal,2,,"['buy', 'plots', 'commercial', 'rent']"
Thrissur,adf9ec4f8d570c368f9d,868c4170bcac3b04906c,thrissur_kerala,2,,"['buy', 'plots', 'commercial', 'rent']"
Tikamgarh,dd0289bf19de1f768244,eb466dc1ca1819e59642,tikamgarh,2,,"['buy', 'plots', 'commercial', 'rent']"
Tinsukia,36a638df00fb961ccfd4,1dde5996effa560cb9c3,tinsukia,2,,"['buy', 'plots', 'commercial', 'rent']"
Tirap,64e254da4f901fb59314,6c8a2d2ec0f4a330d6bb,tirap,2,,"['buy', 'plots', 'commercial', 'rent']"
Tirunelveli,12d9d942b67abfe74084,18d37abf7753a6595f24,tirunelveli,2,,"['buy', 'plots', 'commercial', 'rent']"
Tiruppur,28b3937605b40cf66f04,e7dd5f11090eb0ca3cc1,tiruppur_tamil_nadu,2,,"['buy', 'plots', 'commercial', 'rent']"
Tiruvannamalai,900a284114048a415e8d,5105b17f05b3ee086021,tiruvannamalai,2,,"['buy', 'plots', 'commercial', 'rent']"
Tonk,8e2d6797ea5b2b0c3635,09562544d5f63a5f8e32,tonk,2,,"['buy', 'plots', 'commercial', 'rent']"
Tuensang,5c7e15898e8699c5ccea,c89aff07bd2b4212cb32,tuensang,2,,"['buy', 'plots', 'commercial', 'rent']"
Udaipur,8bf000af7563afb403bd,4bee2d77714ae6c1baf7,udaipur_rajasthan,2,,"['buy', 'plots', 'commercial', 'rent']"
Udalguri,c7af221e7bf2bf50a882,e18c71f17edcd453ce8a,udalguri,2,,"['buy', 'plots', 'commercial', 'rent']"
Udham Singh Nagar,8b4db97c9b0c97a6a076,1fbcdc4ad8574ad8d82e,udham_singh_nagar,2,,"['buy', 'plots', 'commercial', 'rent']"
Udupi,c6611f8fc501355c6a09,0fdc5355ce91511d6a58,udupi_karnataka,2,,"['buy', 'plots', 'commercial', 'rent']"
Ujjain,6bc0eafff61254d07189,3391d7f953c50774ab71,ujjain,2,,"['buy', 'plots', 'commercial', 'rent']"
Ukhrul,b2ceec2b31087046d4a6,7a01ada521bc9852c3fe,ukhrul,2,,"['buy', 'plots', 'commercial', 'rent']"
Umaria,415a1353793a80d1a603,2fa369e4022b69010d15,umaria,2,,"['buy', 'plots', 'commercial', 'rent']"
Una,14149688eb0e4b8d4317,1f646d1544ec8cf0ca0d,una,2,,"['buy', 'plots', 'commercial', 'rent']"
Unnao,a245c8ac504b1d531a21,25e254e83d1d95bb0555,unnao,2,,"['buy', 'plots', 'commercial', 'rent']"
Upper Siang,7fb1d89fe7b341b6cd7c,0022fe48883715bd7dd0,upper_siang,2,,"['buy', 'plots', 'commercial', 'rent']"
Upper Subansiri,e6ac9ee2faaf65e5aa3a,287c75cf85d63789b863,upper_subansiri,2,,"['buy', 'plots', 'commercial', 'rent']"
Uttar Dinajpur,f70ae50dd87f1bab498e,b1b70241e36d4f8f5a38,uttar_dinajpur,2,,"['buy', 'plots', 'commercial', 'rent']"
Uttarkashi,7a9b7c3f9077d705cd39,6807555cad6fb29f3cfa,uttarkashi,2,,"['buy', 'plots', 'commercial', 'rent']"
Vadodara,0b71e081339939e6a43a,44e2b78f564f7ce7f8ea,vadodara,2,,"['buy', 'plots', 'commercial', 'paying_guest', 'rent']"
Vaishali,4bcb4a9d335b84a7f469,e6f6580348076eae8ea5,vaishali,2,,"['buy', 'plots', 'commercial', 'rent']"
Valsad,41961ac677da9f0ab0e2,2530f134e14aa02a2662,valsad,2,,"['buy', 'plots', 'commercial', 'rent']"
Varanasi,75b66b3ff97484f8f5fb,9900b0f6d3f7f655356d,varanasi_uttar_pradesh,2,,"['buy', 'plots', 'commercial', 'rent']"
Vellore,7e3bc0433e96e2154072,84eff1f6313163f508f6,vellore,2,,"['buy', 'plots', 'commercial', 'rent']"
Vidisha,357900bde6e059225407,a274b58cd8366b765e0f,vidisha,2,,"['buy', 'plots', 'commercial', 'rent']"
Vijayapura,50d23010d814acc923a2,06d9d98a1da54449a68f,vijayapura,2,,"['buy', 'plots', 'commercial', 'rent']"
Vikarabad,fb32325fe6cf223384ac,3653007bb69ec7a79aa2,vikarabad,2,,"['buy', 'plots', 'commercial', 'rent']"
Viluppuram,36cc67926be084266f62,4d8b20c3f60c819af0fa,viluppuram,2,,"['buy', 'plots', 'commercial', 'rent']"
Virudhunagar,01fa9fcefb576c14fe10,980e53acf28496e48996,virudhunagar,2,,"['buy', 'plots', 'commercial', 'rent']"
Visakhapatnam,864b82249cd2954f18e0,fad9e13ebf6221c3a743,visakhapatnam,2,,"['buy', 'plots', 'commercial', 'rent']"
Vizianagaram,525b87c5c100b0c2883d,b5a50143e99026e71f3e,vizianagaram,2,,"['buy', 'plots', 'commercial', 'rent']"
Wanaparthy,2b783abc8a241d7c8b42,bed29ee33a5898f70992,wanaparthy,2,,"['buy', 'plots', 'commercial', 'rent']"
Wardha,1d085c3e7918b6620fc6,730ab5c3528b20cf7965,wardha,2,,"['buy', 'plots', 'commercial', 'rent']"
Washim,41ea69b7886a40c97697,01817cec365f6e687e28,washim,2,,"['buy', 'plots', 'commercial', 'rent']"
Wayanad,c969ce28fa09329b54c5,76a8428060f1383afc1a,wayanad,2,,"['buy', 'plots', 'commercial', 'rent']"
West Garo Hills,26ce8e3b9349ded97ecb,9f0ca1631f9ee6154c49,west_garo_hills,2,,"['buy', 'plots', 'commercial', 'rent']"
West Godavari,ee4ea46938b525dd9bdb,bbd0640e21b069029120,west_godavari,2,,"['buy', 'plots', 'commercial', 'rent']"
West Jaintia Hills,0ba6082ee8cf58f29255,7d94b0214cce137c00ac,west_jaintia_hills,2,,"['buy', 'plots', 'commercial', 'rent']"
West Kameng,5e55a7d5132175629157,8dcc422d37887a938775,west_kameng,2,,"['buy', 'plots', 'commercial', 'rent']"
West Khasi Hills,ff62791a617834415a17,5e436b19b53f39daca6c,west_khasi_hills,2,,"['buy', 'plots', 'commercial', 'rent']"
West Siang,0e084e23a3c08c472206,001547f086d66d0a9f21,west_siang,2,,"['buy', 'plots', 'commercial', 'rent']"
West Tripura,08c47d84af29674d6a89,f1e2a746e3de8a303930,west_tripura,2,,"['buy', 'plots', 'commercial', 'rent']"
Wokha,3124bd8a0876d45f99bd,81541229ff753942c9e6,wokha,2,,"['buy', 'plots', 'commercial', 'rent']"
Yadgir,848bf4b997454e2bef4e,218f2d1fc296f2324378,yadgir,2,,"['buy', 'plots', 'commercial', 'rent']"
Yavatmal,ab2e6e2170f7519aa7a0,6fc48f2fdd5b534ad3f0,yavatmal,2,,"['buy', 'plots', 'commercial', 'rent']"
Zunheboto,4afe0071e5fe5380cd9e,86f4d133e016549e4305,zunheboto,2,,"['buy', 'plots', 'commercial', 'rent']"
East Kameng,65b374119a79ff614649,6979c911f937bc129c6d,east_kameng_1,2,,"['buy', 'plots', 'commercial', 'rent']"
